Name,Email,Phone Number
Tom Shang,Frederick@helpinghands.cm,674508721
Ken Bright,kenbright@helpinghands.cm,674500721
James Pac,jamespac@helpinghands.cm,674508722
George Halley,georgehalley@helpinghands.cm,674508723
Fred Hulms,fredhulms@helpinghands.cm,674508724
Rene Ngwang,renengwang@helpinghands.cm,674508725
Tchong Moses,tchongmoses@helpinghands.cm,674508726
Elisa Berry,elisaberry@helpinghands.cm,674508727
Prizo Edang,prizoedang@helpinghands.cm,674508728
Brain Nims,nims@helpinghands.cm,674508729
Henry kimah,henry@helpinghands.cm,674508710
Kim Berrynyuy,kimberrynyuy@helpinghands.cm,674508711
Derick Njah,dericknjah@helpinghands.cm,674508712
Clovis Tila,clovis@helpinghands.cm,674508713
Mathew Kimo,mathewkimo@helpinghands.cm,674508714
Mark Brightt,brightt@helpinghands.cm,674508715
Jude Banla,banla@helpinghands.cm,674508716
Immaculate Spark,immaculatespark@helpinghands.cm,674508717
Emile Su,emilesu@helpinghands.cm,674508718
Kila Fred,kilafred@helpinghands.cm,674508719
Marie Sumo,mariesumo@helpinghands.cm,674508720
Christain Wells,christain@helpinghands.cm,674508722
Christelle Bami,bami@helpinghands.cm,674508723
Stacey groove,groove@helpinghands.cm,674508724
Mary Stella,marystella@helpinghands.cm,674508725
Apollo Lami,apollo@helpinghands.cm,674508726
Kingsley Koman,kingsley@helpinghands.cm,674508727
Pascaline Tata,tata@helpinghands.cm,674508728
Bradly Uyin,bradly@helpinghands.cm,674508729
