Name,Email,Phone Number
Tom Shang,Frederick@handsinhands.org,674508721
Ken Bright,kenbright@handsinhands.org,674500721
James Pac,jamespac@handsinhands.org,674508722
George Halley,georgehalley@handsinhands.org,674508723
Fred Hulms,fredhulms@handsinhands.org,674508724
Rene Ngwang,renengwang@handsinhands.org,674508725
Tchong Moses,tchongmoses@handsinhands.org,674508726
Elisa Berry,elisaberry@handsinhands.org,674508727
Prizo Edang,prizoedang@handsinhands.org,674508728
Brain Nims,nims@handsinhands.org,674508729
Henry kimah,henry@handsinhands.org,674508710
Kim Berrynyuy,kimberrynyuy@handsinhands.org,674508711
Derick Njah,dericknjah@handsinhands.org,674508712
Clovis Tila,clovis@handsinhands.org,674508713
Mathew Kimo,mathewkimo@handsinhands.org,674508714
Mark Brightt,brightt@handsinhands.org,674508715
Jude Banla,banla@handsinhands.org,674508716
Immaculate Spark,immaculatespark@handsinhands.org,674508717
Emile Su,emilesu@handsinhands.org,674508718
Kila Fred,kilafred@handsinhands.org,674508719
Marie Sumo,mariesumo@handsinhands.org,674508720
Christain Wells,christain@handsinhands.org,674508722
Christelle Bami,bami@handsinhands.org,674508723
Stacey groove,groove@handsinhands.org,674508724
Mary Stella,marystella@handsinhands.org,674508725
Apollo Lami,apollo@handsinhands.org,674508726
Kingsley Koman,kingsley@handsinhands.org,674508727
Pascaline Tata,tata@handsinhands.org,674508728
Bradly Uyin,bradly@handsinhands.org,674508729
